Player,Pick,Minutes Played,DraftYear
Kenyon Martin,1,30.6,2000
Stromile Swift,2,19.8,2000
Darius Miles,3,26.3,2000
Marcus Fizer,4,20.9,2000
Mike Miller,5,26.9,2000
DerMarr Johnson,6,17.2,2000
Chris Mihm,7,20.1,2000
Jamal Crawford,8,29.4,2000
Joel Przybilla,9,19.8,2000
Keyon Dooling,10,19.4,2000
JÃ©rÃ´me MoÃ¯so,11,9.6,2000
Etan Thomas,12,17.3,2000
Courtney Alexander,13,21.7,2000
Mateen Cleaves,14,11.2,2000
Jason Collier,15,14.4,2000
Hedo TÃ¼rkoÄlu,16,26.8,2000
Desmond Mason,17,30.5,2000
Quentin Richardson,18,26.5,2000
Jamaal Magloire,19,21.5,2000
Speedy Claxton,20,25.6,2000
Morris Peterson,21,27.2,2000
Donnell Harvey,22,16.2,2000
DeShawn Stevenson,23,22.3,2000
Dalibor BagariÄ,24,10.2,2000
Jake Tsakalidis,25,15.9,2000
Mamadou N'Diaye,26,12.4,2000
PrimoÅ¾ Brezec,27,18.1,2000
Erick Barkley,28,9.9,2000
Mark Madsen,29,11.8,2000
Round 2,,Per Game,2000
Player,Pk,MP,2000
Marko JariÄ,30,25.2,2000
Dan Langhi,31,9.4,2000
A.J. Guyton,32,15.6,2000
Jake Voskuhl,33,14.3,2000
Khalid El-Amin,34,18.7,2000
Mike Smith,35,10.6,2000
Soumaila Samake,36,6.4,2000
Eddie House,37,17.3,2000
Eduardo NÃ¡jera,38,18.1,2000
Lavor Postell,39,7.3,2000
Hanno MÃ¶ttÃ¶lÃ¤,40,15.2,2000
Chris Carrawell,41,,2000
Olumide Oyedeji,42,6.3,2000
Michael Redd,43,32.0,2000
Brian Cardinal,44,14.2,2000
Jabari Smith,45,9.8,2000
DeeAndre Hulett,46,,2000
Josip Sesar,47,,2000
Mark Karcher,48,,2000
Jason Hart,49,15.5,2000
Kaniel Dickens,50,4.5,2000
Igor RakoÄeviÄ,51,5.8,2000
Ernest Brown,52,7.0,2000
Dan McClintock,53,9.7,2000
Cory Hightower,54,,2000
Chris Porter,55,22.5,2000
Jaquay Walls,56,,2000
Scoonie Penn,57,,2000
Pete Mickeal,58,,2000
Kwame Brown,1,22.1,2001
Tyson Chandler,2,27.3,2001
Pau Gasol,3,33.4,2001
Eddy Curry,4,24.9,2001
Jason Richardson,5,34.1,2001
Shane Battier,6,30.7,2001
Eddie Griffin,7,22.2,2001
DeSagana Diop,8,14.0,2001
Rodney White,9,15.4,2001
Joe Johnson,10,34.6,2001
Kedrick Brown,11,13.5,2001
Vladimir RadmanoviÄ,12,21.9,2001
Richard Jefferson,13,29.0,2001
Troy Murphy,14,27.3,2001
Steven Hunter,15,15.0,2001
Kirk Haston,16,5.0,2001
Michael Bradley,17,11.7,2001
Jason Collins,18,20.4,2001
Zach Randolph,19,31.0,2001
Brendan Haywood,20,22.9,2001
Joseph Forte,21,5.0,2001
Jeryl Sasser,22,12.9,2001
Brandon Armstrong,23,6.5,2001
RaÃ¼l LÃ³pez,24,18.9,2001
Gerald Wallace,25,29.7,2001
Samuel Dalembert,26,24.4,2001
Jamaal Tinsley,27,26.4,2001
Tony Parker,28,30.5,2001
Round 2,,Per Game,2001
Player,Pk,MP,2001
Trenton Hassell,30,25.3,2001
Gilbert Arenas,31,35.1,2001
Omar Cook,32,9.7,2001
Will Solomon,33,13.8,2001
Terence Morris,34,13.9,2001
Brian Scalabrine,35,13.0,2001
Jeff Trepagnier,36,8.7,2001
Damone Brown,37,9.0,2001
Mehmet Okur,38,29.1,2001
Michael Wright,39,,2001
Earl Watson,40,22.2,2001
Jamison Brewer,41,8.7,2001
Bobby Simmons,42,24.7,2001
Eric Chenowith,43,,2001
Kyle Hill,44,,2001
Sean Lampley,45,12.2,2001
Loren Woods,46,11.3,2001
Ousmane Cisse,47,,2001
Antonis Fotsis,48,11.4,2001
Ken Johnson,49,9.8,2001
Ruben Boumtje-Boumtje,50,6.3,2001
Alton Ford,51,7.2,2001
Andre Hutson,52,,2001
Jarron Collins,53,15.8,2001
Kenny Satterfield,54,14.2,2001
Maurice Jeffers,55,,2001
Robertas Javtokas,56,,2001
Alvin Jones,57,5.5,2001
Bryan Bracey,58,,2001
Yao Ming,1,32.5,2002
Jay Williams,2,26.1,2002
Mike Dunleavy,3,27.7,2002
Drew Gooden,4,25.5,2002
Nikoloz Tskitishvili,5,11.3,2002
Dajuan Wagner,6,21.4,2002
NenÃª,7,26.2,2002
Chris Wilcox,8,19.9,2002
Amar'e Stoudemire,9,31.0,2002
Caron Butler,10,32.2,2002
Jared Jeffries,11,21.6,2002
Melvin Ely,12,16.0,2002
Marcus Haislip,13,9.6,2002
Fred Jones,14,24.0,2002
BoÅ¡tjan Nachbar,15,17.8,2002
JiÅÃ­ Welsch,16,18.6,2002
Juan Dixon,17,19.5,2002
Curtis Borchardt,18,13.5,2002
Ryan Humphrey,19,9.1,2002
Kareem Rush,20,17.2,2002
Qyntel Woods,21,12.3,2002
Casey Jacobsen,22,18.5,2002
Tayshaun Prince,23,31.0,2002
Nenad KrstiÄ,24,25.2,2002
Frank Williams,25,11.1,2002
John Salmons,26,26.4,2002
Chris Jefferies,27,12.0,2002
Dan Dickau,28,15.4,2002
Round 2,,Per Game,2002
Player,Pk,MP,2002
Steve Logan,30,,2002
Roger Mason,31,17.7,2002
Robert Archibald,32,7.5,2002
Vincent Yarbrough,33,23.4,2002
Dan Gadzuric,34,14.8,2002
Carlos Boozer,35,31.2,2002
Milos Vujanic,36,,2002
David Andersen,37,12.3,2002
Tito Maddox,38,3.9,2002
Rod Grizzard,39,,2002
Juan Carlos Navarro,40,25.8,2002
Mario Kasun,41,7.8,2002
Ronald Murray,42,22.7,2002
Jason Jennings,43,,2002
Lonny Baxter,44,11.6,2002
Sam Clancy,45,,2002
Matt Barnes,46,23.6,2002
Jamal Sampson,47,8.8,2002
Chris Owens,48,6.0,2002
Peter Fehse,49,,2002
Darius Songaila,50,18.6,2002
Federico Kammerichs,51,,2002
Marcus Taylor,52,,2002
Rasual Butler,53,21.3,2002
Tamar Slay,54,7.8,2002
Mladen Sekularac,55,,2002
Luis Scola,56,25.6,2002
Randy Holcomb,57,2.8,2002
Corsley Edwards,58,11.0,2002
LeBron James,1,37.8,2003
Darko MiliÄiÄ,2,18.5,2003
Carmelo Anthony,3,34.5,2003
Chris Bosh,4,35.8,2003
Dwyane Wade,5,33.9,2003
Chris Kaman,6,26.7,2003
Kirk Hinrich,7,30.7,2003
T.J. Ford,8,27.7,2003
Mike Sweetney,9,15.5,2003
Jarvis Hayes,10,23.2,2003
MickaÃ«l PiÃ©trus,11,21.5,2003
Nick Collison,12,20.4,2003
Marcus Banks,13,16.0,2003
Luke Ridnour,14,26.1,2003
Reece Gaines,15,8.5,2003
Troy Bell,16,5.7,2003
Å½arko Äabarkapa,17,10.3,2003
David West,18,28.2,2003
Sasha PavloviÄ,19,15.7,2003
Dahntay Jones,20,15.7,2003
Boris Diaw,21,27.0,2003
Zoran PlaniniÄ,22,10.7,2003
Travis Outlaw,23,20.9,2003
Brian Cook,24,13.4,2003
Carlos Delfino,25,22.8,2003
Ndudi Ebi,26,4.5,2003
Kendrick Perkins,27,21.9,2003
Leandro Barbosa,28,21.6,2003
Josh Howard,29,30.3,2003
Round 2,,Per Game,2003
Player,Pk,MP,2003
Maciej Lampe,30,9.9,2003
Jason Kapono,31,17.8,2003
Luke Walton,32,17.2,2003
Jerome Beasley,33,2.5,2003
Sofoklis Schortsanitis,34,,2003
Szymon Szewczyk,35,,2003
Mario Austin,36,,2003
Travis Hansen,37,12.4,2003
Steve Blake,38,23.9,2003
Slavko VraneÅ¡,39,3.0,2003
Derrick Zimmerman,40,16.0,2003
Willie Green,41,20.2,2003
Zaza Pachulia,42,20.3,2003
Keith Bogans,43,21.6,2003
Malick Badiane,44,,2003
Matt Bonner,45,16.9,2003
Sani BeÄiroviÄ,46,,2003
Mo Williams,47,29.2,2003
James Lang,48,5.0,2003
James Jones,49,15.7,2003
Paccelis Morlende,50,,2003
Kyle Korver,51,25.3,2003
Remon van de Hare,52,,2003
Tommy Smith,53,,2003
NedÅ¾ad SinanoviÄ,54,,2003
Rick Rickert,55,,2003
Brandon Hunter,56,9.4,2003
Xue Yuyang,57,,2003
Andreas Glyniadakis,58,6.2,2003
Dwight Howard,1,31.8,2004
Emeka Okafor,2,30.9,2004
Ben Gordon,3,27.4,2004
Shaun Livingston,4,20.6,2004
Devin Harris,5,24.3,2004
Josh Childress,6,26.7,2004
Luol Deng,7,34.3,2004
Rafael AraÃºjo,8,11.4,2004
Andre Iguodala,9,32.1,2004
Luke Jackson,10,9.9,2004
Andris BiedriÅÅ¡,11,21.6,2004
Robert Swift,12,15.5,2004
Sebastian Telfair,13,21.5,2004
Kris Humphries,14,17.8,2004
Al Jefferson,15,28.7,2004
Kirk Snyder,16,16.8,2004
Josh Smith,17,32.4,2004
J.R. Smith,18,26.9,2004
Dorell Wright,19,22.4,2004
Jameer Nelson,20,27.9,2004
Pavel Podkolzin,21,4.7,2004
Viktor Khryapa,22,16.4,2004
Sergei Monia,23,13.2,2004
Delonte West,24,27.4,2004
Tony Allen,25,22.0,2004
Kevin Martin,26,30.2,2004
Sasha VujaÄiÄ,27,15.3,2004
Beno Udrih,28,21.9,2004
David Harrison,29,14.2,2004
Round 2,,Per Game,2004
Player,Pk,MP,2004
Anderson VarejÃ£o,30,23.9,2004
Jackson Vroman,31,12.8,2004
Peter John Ramos,32,3.3,2004
Lionel Chalmers,33,12.0,2004
Donta Smith,34,9.2,2004
Andre Emmett,35,5.2,2004
Antonio Burks,36,9.7,2004
Royal Ivey,37,12.5,2004
Chris Duhon,38,25.6,2004
Albert Miralles,39,,2004
Justin Reed,40,10.6,2004
David Young,41,,2004
Viktor Sanikidze,42,,2004
Trevor Ariza,43,29.5,2004
Tim Pickett,44,,2004
Bernard Robinson,45,14.9,2004
Ha Seung-Jin,46,6.9,2004
Pape Sow,47,11.6,2004
Ricky Minard,48,,2004
Sergei Lishouk,49,,2004
Vassilis Spanoulis,50,8.8,2004
Christian Drejer,51,,2004
Romain Sato,52,,2004
Matt Freije,53,14.0,2004
Rickey Paulding,54,,2004
Luis Flores,55,4.8,2004
Marcus Douthit,56,,2004
Sergei Karaulov,57,,2004
Blake Stepp,58,,2004
Rashad Wright,59,,2004
Andrew Bogut,1,28.1,2005
Marvin Williams,2,28.1,2005
Deron Williams,3,34.2,2005
Chris Paul,4,33.7,2005
Raymond Felton,5,29.7,2005
Martell Webster,6,24.0,2005
Charlie Villanueva,7,20.7,2005
Channing Frye,8,22.2,2005
Ike Diogu,9,12.4,2005
Andrew Bynum,10,25.6,2005
Fran VÃ¡zquez,11,,2005
Yaroslav Korolev,12,4.9,2005
Sean May,13,15.7,2005
Rashad McCants,14,20.2,2005
Antoine Wright,15,19.2,2005
Joey Graham,16,16.2,2005
Danny Granger,17,31.5,2005
Gerald Green,18,19.8,2005
Hakim Warrick,19,20.2,2005
Julius Hodge,20,4.3,2005
Nate Robinson,21,22.5,2005
Jarrett Jack,22,27.8,2005
Francisco GarcÃ­a,23,21.6,2005
Luther Head,24,22.4,2005
Johan Petro,25,15.4,2005
Jason Maxiell,26,18.4,2005
Linas Kleiza,27,20.0,2005
Ian Mahinmi,28,16.8,2005
Wayne Simien,29,9.9,2005
David Lee,30,29.3,2005
Round 2,,Per Game,2005
Player,Pk,MP,2005
Salim Stoudamire,31,17.0,2005
Daniel Ewing,32,13.3,2005
Brandon Bass,33,21.6,2005
C.J. Miles,34,20.4,2005
Ricky SÃ¡nchez,35,,2005
Ersan Ä°lyasova,36,23.0,2005
Ronny Turiaf,37,17.0,2005
Travis Diener,38,14.9,2005
Von Wafer,39,12.4,2005
Monta Ellis,40,34.8,2005
Roko UkiÄ,41,11.6,2005
Chris Taft,42,8.5,2005
Mile IliÄ,43,1.2,2005
Martynas AndriuÅ¡keviÄius,44,1.5,2005
Lou Williams,45,24.1,2005
Erazem Lorbek,46,,2005
Bracey Wright,47,12.5,2005
MickaÃ«l Gelabale,48,16.2,2005
Andray Blatche,49,22.1,2005
Ryan Gomes,50,27.6,2005
Robert Whaley,51,9.2,2005
Axel Hervelle,52,,2005
Orien Greene,53,11.9,2005
Dijon Thompson,54,5.8,2005
Lawrence Roberts,55,13.2,2005
Amir Johnson,56,21.1,2005
Marcin Gortat,57,25.7,2005
UroÅ¡ Slokar,58,3.6,2005
Cenk Akyol,59,,2005
Alex Acker,60,7.8,2005
Andrea Bargnani,1,28.7,2006
LaMarcus Aldridge,2,33.7,2006
Adam Morrison,3,20.4,2006
Tyrus Thomas,4,19.7,2006
Shelden Williams,5,15.5,2006
Brandon Roy,6,35.5,2006
Randy Foye,7,25.6,2006
Rudy Gay,8,30.9,2006
Patrick O'Bryant,9,5.8,2006
Mouhamed Sene,10,5.5,2006
JJ Redick,11,25.5,2006
Hilton Armstrong,12,11.6,2006
Thabo Sefolosha,13,21.9,2006
Ronnie Brewer,14,23.0,2006
Cedric Simmons,15,9.4,2006
Rodney Carney,16,15.4,2006
Shawne Williams,17,17.1,2006
Oleksiy Pecherov,18,9.4,2006
Quincy Douby,19,10.7,2006
Renaldo Balkman,20,13.9,2006
Rajon Rondo,21,29.9,2006
Marcus Williams,22,15.2,2006
Josh Boone,23,17.5,2006
Kyle Lowry,24,31.3,2006
Shannon Brown,25,18.0,2006
Jordan Farmar,26,19.5,2006
Sergio RodrÃ­guez,27,15.0,2006
Maurice Ager,28,6.2,2006
Mardy Collins,29,14.7,2006
Joel Freeland,30,12.1,2006
Round 2,,Per Game,2006
Player,Pk,MP,2006
James White,31,8.7,2006
Steve Novak,32,12.1,2006
Solomon Jones,33,11.0,2006
Paul Davis,34,8.6,2006
P.J. Tucker,35,28.2,2006
Craig Smith,36,16.9,2006
Bobby Jones,37,9.5,2006
Kosta PeroviÄ,38,5.4,2006
David Noel,39,11.6,2006
Denham Brown,40,,2006
James Augustine,41,5.8,2006
Daniel Gibson,42,23.5,2006
Marcus Vinicius,43,6.6,2006
Lior Eliyahu,44,,2006
Alexander Johnson,45,12.8,2006
Dee Brown,46,10.5,2006
Paul Millsap,47,28.1,2006
Vladimir Veremeenko,48,,2006
Leon Powe,49,13.9,2006
Ryan Hollins,50,11.8,2006
Cheikh Samb,51,5.2,2006
Guillermo DÃ­az,52,3.0,2006
Yotam Halperin,53,,2006
Hassan Adams,54,7.5,2006
Ejike Ugboaja,55,,2006
Edin BavÄiÄ,56,,2006
Loukas Mavrokefalidis,57,,2006
J.R. Pinnock,58,,2006
Damir Markota,59,5.7,2006
Will Blalock,60,11.9,2006
Greg Oden,1,19.3,2007
Kevin Durant,2,36.7,2007
Al Horford,3,31.6,2007
Mike Conley,4,31.2,2007
Jeff Green,5,27.3,2007
Yi Jianlian,6,22.2,2007
Corey Brewer,7,22.9,2007
Brandan Wright,8,16.2,2007
Joakim Noah,9,27.7,2007
Spencer Hawes,10,22.7,2007
Acie Law,11,12.7,2007
Thaddeus Young,12,28.2,2007
Julian Wright,13,13.2,2007
Al Thornton,14,28.0,2007
Rodney Stuckey,15,27.5,2007
Nick Young,16,22.8,2007
Sean Williams,17,14.4,2007
Marco Belinelli,18,22.7,2007
Javaris Crittenton,19,16.4,2007
Jason Smith,20,16.3,2007
Daequan Cook,21,18.3,2007
Jared Dudley,22,22.3,2007
Wilson Chandler,23,30.0,2007
Rudy FernÃ¡ndez,24,24.0,2007
Morris Almond,25,9.5,2007
Aaron Brooks,26,20.8,2007
Arron Afflalo,27,27.3,2007
Tiago Splitter,28,19.2,2007
Alando Tucker,29,8.4,2007
Petteri Koponen,30,,2007
Round 2,,Per Game,2007
Player,Pk,MP,2007
Carl Landry,31,22.5,2007
Gabe Pruitt,32,7.4,2007
Marcus Williams,33,3.0,2007
Nick Fazekas,34,10.3,2007
Glen Davis,35,21.1,2007
Jermareo Davidson,36,8.3,2007
Josh McRoberts,37,19.1,2007
Kyrylo Fesenko,38,8.2,2007
Stanko BaraÄ,39,,2007
Sun Yue,40,2.8,2007
Chris Richard,41,11.1,2007
Derrick Byars,42,18.5,2007
Adam Haluska,43,,2007
Reyshawn Terry,44,,2007
Jared Jordan,45,,2007
StÃ©phane Lasme,46,18.9,2007
Dominic McGuire,47,15.6,2007
Marc Gasol,48,32.2,2007
Aaron Gray,49,12.1,2007
Renaldas Seibutis,50,,2007
JamesOn Curry,51,0.0,2007
Taurean Green,52,4.4,2007
Demetris Nichols,53,3.2,2007
Brad Newley,54,,2007
Herbert Hill,55,,2007
Ramon Sessions,56,23.3,2007
Sammy Mejia,57,,2007
Georgios Printezis,58,,2007
D.J. Strawberry,59,8.2,2007
Milovan RakoviÄ,60,,2007
Derrick Rose,1,30.5,2008
Michael Beasley,2,22.8,2008
O.J. Mayo,3,30.9,2008
Russell Westbrook,4,33.3,2008
Kevin Love,5,28.9,2008
Danilo Gallinari,6,28.8,2008
Eric Gordon,7,31.2,2008
Joe Alexander,8,11.1,2008
D.J. Augustin,9,23.4,2008
Brook Lopez,10,30.3,2008
Jerryd Bayless,11,21.3,2008
Jason Thompson,12,25.2,2008
Brandon Rush,13,22.0,2008
Anthony Randolph,14,15.2,2008
Robin Lopez,15,21.1,2008
Marreese Speights,16,15.1,2008
Roy Hibbert,17,24.8,2008
JaVale McGee,18,16.1,2008
J.J. Hickson,19,22.3,2008
Alexis AjinÃ§a,20,13.3,2008
Ryan Anderson,21,25.8,2008
Courtney Lee,22,27.1,2008
Kosta Koufos,23,16.4,2008
Serge Ibaka,24,27.3,2008
Nicolas Batum,25,28.9,2008
George Hill,26,26.8,2008
Darrell Arthur,27,17.8,2008
DontÃ© Greene,28,16.8,2008
D.J. White,29,15.3,2008
J.R. Giddens,30,6.5,2008
Round 2,,Per Game,2008
Player,Pk,MP,2008
Nikola PekoviÄ,31,24.9,2008
Walter Sharpe,32,2.5,2008
Joey Dorsey,33,11.4,2008
Mario Chalmers,34,26.7,2008
DeAndre Jordan,35,25.1,2008
Ãmer AÅÄ±k,36,19.6,2008
Luc Mbah a Moute,37,23.3,2008
Kyle Weaver,38,18.9,2008
Sonny Weems,39,18.2,2008
Chris Douglas-Roberts,40,19.7,2008
Nathan Jawai,41,9.6,2008
Sean Singletary,42,8.2,2008
Patrick Ewing,43,2.7,2008
Ante TomiÄ,44,,2008
Goran DragiÄ,45,27.1,2008
Trent Plaisted,46,,2008
Henry Walker,47,16.7,2008
Malik Hairston,48,7.6,2008
Richard Hendrix,49,,2008
DeVon Hardin,50,,2008
Shan Foster,51,,2008
Darnell Jackson,52,7.5,2008
Tadija DragiÄeviÄ,53,,2008
Maarty Leunen,54,,2008
Mike Taylor,55,15.1,2008
Sasha Kaun,56,3.8,2008
James Gist,57,,2008
Joe Crawford,58,11.5,2008
Deron Washington,59,,2008
Semih Erden,60,13.4,2008
Blake Griffin,1,31.9,2009
Hasheem Thabeet,2,10.5,2009
James Harden,3,34.8,2009
Tyreke Evans,4,30.7,2009
Ricky Rubio,5,29.6,2009
Jonny Flynn,6,22.9,2009
Stephen Curry,7,34.1,2009
Jordan Hill,8,18.8,2009
DeMar DeRozan,9,34.7,2009
Brandon Jennings,10,30.3,2009
Terrence Williams,11,19.1,2009
Gerald Henderson,12,25.9,2009
Tyler Hansbrough,13,16.9,2009
Earl Clark,14,13.9,2009
Austin Daye,15,14.1,2009
James Johnson,16,19.8,2009
Jrue Holiday,17,32.9,2009
Ty Lawson,18,29.2,2009
Jeff Teague,19,26.8,2009
Eric Maynor,20,14.6,2009
Darren Collison,21,29.3,2009
Victor Claver,22,13.4,2009
Omri Casspi,23,20.3,2009
Byron Mullens,24,18.2,2009
Rodrigue Beaubois,25,15.9,2009
Taj Gibson,26,23.0,2009
DeMarre Carroll,27,23.7,2009
Wayne Ellington,28,20.9,2009
Toney Douglas,29,19.1,2009
Christian Eyenga,30,20.6,2009
Round 2,,Per Game,2009
Player,Pk,MP,2009
Jeff Ayres,31,9.8,2009
Jermaine Taylor,32,12.1,2009
Dante Cunningham,33,20.8,2009
Sergio Llull,34,,2009
DaJuan Summers,35,9.9,2009
Sam Young,36,15.9,2009
DeJuan Blair,37,16.6,2009
Jon Brockman,38,10.5,2009
Jonas Jerebko,39,17.8,2009
Derrick Brown,40,14.9,2009
Jodie Meeks,41,22.5,2009
Patrick Beverley,42,26.6,2009
Marcus Thornton,43,23.4,2009
Chase Budinger,44,19.7,2009
Nick Calathes,45,15.6,2009
Danny Green,46,25.1,2009
Henk Norel,47,,2009
Taylor Griffin,48,4.0,2009
Sergiy Gladyr,49,,2009
Goran Suton,50,,2009
Jack McClinton,51,,2009
A.J. Price,52,15.1,2009
Nando De Colo,53,11.9,2009
Robert Vaden,54,,2009
Patty Mills,55,19.9,2009
Ahmad Nivins,56,,2009
Emir PreldÅ¾iÄ,57,,2009
Lester Hudson,58,10.4,2009
Chinemelu Elonu,59,,2009
Robert Dozier,60,,2009
John Wall,1,34.9,2010
Evan Turner,2,26.9,2010
Derrick Favors,3,24.3,2010
Wesley Johnson,4,22.1,2010
DeMarcus Cousins,5,29.8,2010
Ekpe Udoh,6,14.8,2010
Greg Monroe,7,27.4,2010
Al-Farouq Aminu,8,24.9,2010
Gordon Hayward,9,30.7,2010
Paul George,10,33.6,2010
Cole Aldrich,11,10.0,2010
Xavier Henry,12,15.7,2010
Ed Davis,13,19.1,2010
Patrick Patterson,14,20.8,2010
Larry Sanders,15,19.5,2010
Luke Babbitt,16,14.0,2010
Kevin SÃ©raphin,17,15.2,2010
Eric Bledsoe,18,27.8,2010
Avery Bradley,19,27.5,2010
James Anderson,20,17.5,2010
Craig Brackins,21,7.1,2010
Elliot Williams,22,13.5,2010
Trevor Booker,23,20.4,2010
Damion James,24,16.0,2010
Dominique Jones,25,9.3,2010
Quincy Pondexter,26,15.6,2010
Jordan Crawford,27,24.4,2010
Greivis VÃ¡squez,28,23.7,2010
Daniel Orton,29,10.6,2010
Lazar Hayward,30,8.2,2010
Round 2,,Per Game,2010
Player,Pk,MP,2010
Tibor PleiÃ,31,6.8,2010
Dexter Pittman,32,6.9,2010
Hassan Whiteside,33,24.7,2010
Armon Johnson,34,8.5,2010
Nemanja Bjelica,35,20.4,2010
Terrico White,36,,2010
Darington Hobson,37,7.8,2010
Andy Rautins,38,4.8,2010
Landry Fields,39,23.6,2010
Lance Stephenson,40,22.9,2010
Jarvis Varnado,41,10.7,2010
Da'Sean Butler,42,,2010
Devin Ebanks,43,11.3,2010
Jerome Jordan,44,7.6,2010
PaulÃ£o Prestes,45,,2010
Gani Lawal,46,2.0,2010
Tiny Gallon,47,,2010
Latavious Williams,48,,2010
Ryan Richards,49,,2010
Solomon Alabi,50,7.0,2010
Magnum Rolle,51,,2010
Luke Harangody,52,12.4,2010
Pape Sy,53,7.0,2010
Willie Warren,54,7.1,2010
Jeremy Evans,55,10.5,2010
Hamady N'Diaye,56,4.8,2010
Ryan Reid,57,3.4,2010
Derrick Caracter,58,5.2,2010
Stanley Robinson,59,,2010
Dwayne Collins,60,,2010
Kyrie Irving,1,34.5,2011
Derrick Williams,2,20.7,2011
Enes Freedom,3,21.5,2011
Tristan Thompson,4,24.9,2011
Jonas ValanÄiÅ«nas,5,25.1,2011
Jan VeselÃ½,6,15.2,2011
Bismack Biyombo,7,19.5,2011
Brandon Knight,8,29.3,2011
Kemba Walker,9,33.1,2011
Jimmer Fredette,10,13.3,2011
Klay Thompson,11,32.1,2011
Alec Burks,12,22.2,2011
Markieff Morris,13,23.3,2011
Marcus Morris,14,26.6,2011
Kawhi Leonard,15,31.8,2011
Nikola VuÄeviÄ,16,31.4,2011
Iman Shumpert,17,24.9,2011
Chris Singleton,18,17.6,2011
Tobias Harris,19,31.7,2011
Donatas MotiejÅ«nas,20,18.2,2011
Nolan Smith,21,9.9,2011
Kenneth Faried,22,24.5,2011
Nikola MirotiÄ,23,24.2,2011
Reggie Jackson,24,24.7,2011
MarShon Brooks,25,17.3,2011
Jordan Hamilton,26,13.9,2011
JaJuan Johnson,27,8.3,2011
Norris Cole,28,22.3,2011
Cory Joseph,29,21.1,2011
Jimmy Butler,30,33.1,2011
Round 2,,Per Game,2011
Player,Pk,MP,2011
Bojan BogdanoviÄ,31,29.1,2011
Justin Harper,32,6.8,2011
Kyle Singler,33,21.9,2011
Shelvin Mack,34,18.4,2011
Tyler Honeycutt,35,5.0,2011
Jordan Williams,36,14.8,2011
Trey Thompkins,37,5.0,2011
Chandler Parsons,38,30.1,2011
Jeremy Tyler,39,9.9,2011
Jon Leuer,40,15.8,2011
Darius Morris,41,11.1,2011
DÄvis BertÄns,42,18.0,2011
Malcolm Lee,43,14.8,2011
Charles Jenkins,44,12.1,2011
Josh Harrellson,45,11.8,2011
Andrew Goudelock,46,9.7,2011
Travis Leslie,47,4.5,2011
Keith Benson,48,3.0,2011
Josh Selby,49,7.8,2011
Lavoy Allen,50,17.8,2011
Jon Diebler,51,,2011
Vernon Macklin,52,5.9,2011
DeAndre Liggins,53,10.8,2011
Milan MaÄvan,54,,2011
E'Twaun Moore,55,21.0,2011
Chukwudiebere Maduabum,56,,2011
Tanguy Ngombo,57,,2011
Ater Majok,58,,2011
ÃdÃ¡m Hanga,59,,2011
Isaiah Thomas,60,28.0,2011
Anthony Davis,1,34.5,2012
Michael Kidd-Gilchrist,2,24.6,2012
Bradley Beal,3,34.4,2012
Dion Waiters,4,28.2,2012
Thomas Robinson,5,13.4,2012
Damian Lillard,6,36.2,2012
Harrison Barnes,7,31.2,2012
Terrence Ross,8,24.5,2012
Andre Drummond,9,26.8,2012
Austin Rivers,10,23.8,2012
Meyers Leonard,11,15.9,2012
Jeremy Lamb,12,20.8,2012
Kendall Marshall,13,19.3,2012
John Henson,14,19.7,2012
Maurice Harkless,15,22.6,2012
Royce White,16,3.0,2012
Tyler Zeller,17,17.5,2012
Terrence Jones,18,23.8,2012
Andrew Nicholson,19,14.3,2012
Evan Fournier,20,27.7,2012
Jared Sullinger,21,24.3,2012
Fab Melo,22,6.0,2012
John Jenkins,23,12.8,2012
Jared Cunningham,24,7.2,2012
Tony Wroten,25,21.2,2012
Miles Plumlee,26,16.4,2012
Arnett Moultrie,27,12.4,2012
Perry Jones,28,11.7,2012
Marquis Teague,29,10.0,2012
Festus Ezeli,30,14.1,2012
Round 2,,Per Game,2012
Player,Pk,MP,2012
Jeff Taylor,31,19.4,2012
TomÃ¡Å¡ SatoranskÃ½,32,22.2,2012
Bernard James,33,8.3,2012
Jae Crowder,34,24.8,2012
Draymond Green,35,28.7,2012
Orlando Johnson,36,10.8,2012
Quincy Acy,37,16.0,2012
Quincy Miller,38,13.5,2012
Khris Middleton,39,30.7,2012
Will Barton,40,25.2,2012
Tyshawn Taylor,41,8.0,2012
Doron Lamb,42,12.7,2012
Mike Scott,43,16.5,2012
Kim English,44,9.9,2012
Justin Hamilton,45,17.4,2012
Darius Miller,46,19.8,2012
Kevin Murphy,47,3.1,2012
Kostas Papanikolaou,48,15.8,2012
Kyle O'Quinn,49,14.2,2012
Ä°zzet TÃ¼rkyÄ±lmaz,50,,2012
Kris Joseph,51,5.4,2012
Ognjen KuzmiÄ,52,4.4,2012
Furkan Aldemir,53,13.2,2012
Tornike Shengelia,54,5.5,2012
Darius Johnson-Odom,55,3.0,2012
Tomislav ZubÄiÄ,56,,2012
Ä°lkan Karaman,57,,2012
Robbie Hummel,58,14.3,2012
Marcus Denmon,59,,2012
Robert Sacre,60,14.5,2012
Anthony Bennett,1,12.6,2013
Victor Oladipo,2,32.2,2013
Otto Porter Jr.,3,25.4,2013
Cody Zeller,4,20.9,2013
Alex Len,5,17.0,2013
Nerlens Noel,6,22.0,2013
Ben McLemore,7,22.5,2013
Kentavious Caldwell-Pope,8,29.6,2013
Trey Burke,9,20.9,2013
CJ McCollum,10,32.1,2013
Michael Carter-Williams,11,25.2,2013
Steven Adams,12,25.8,2013
Kelly Olynyk,13,22.5,2013
Shabazz Muhammad,14,17.2,2013
Giannis Antetokounmpo,15,32.9,2013
Lucas Nogueira,16,12.4,2013
Dennis SchrÃ¶der,17,27.3,2013
Shane Larkin,18,19.1,2013
Sergey Karasev,19,11.7,2013
Tony Snell,20,21.8,2013
Gorgui Dieng,21,20.1,2013
Mason Plumlee,22,21.9,2013
Solomon Hill,23,21.5,2013
Tim Hardaway Jr.,24,27.4,2013
Reggie Bullock,25,22.6,2013
Andre Roberson,26,22.2,2013
Rudy Gobert,27,30.7,2013
Livio Jean-Charles,28,,2013
Archie Goodwin,29,14.5,2013
Nemanja NedoviÄ,30,5.9,2013
Round 2,,Per Game,2013
Player,Pk,MP,2013
Allen Crabbe,31,24.0,2013
Ãlex Abrines,32,16.0,2013
Carrick Felix,33,5.4,2013
Isaiah Canaan,34,20.4,2013
Glen Rice Jr.,35,9.5,2013
Ray McCallum,36,18.2,2013
Tony Mitchell,37,3.8,2013
Nate Wolters,38,18.8,2013
Jeff Withey,39,10.0,2013
Grant Jerrett,40,6.4,2013
Jamaal Franklin,41,7.3,2013
Pierre Jackson,42,10.5,2013
Ricky Ledo,43,9.9,2013
Mike Muscala,44,15.0,2013
Marko TodoroviÄ,45,,2013
Erick Green,46,8.7,2013
Raul Neto,47,15.6,2013
Ryan Kelly,48,19.2,2013
Erik Murphy,49,2.6,2013
James Ennis III,50,20.3,2013
Romero Osby,51,,2013
Lorenzo Brown,52,11.5,2013
Colton Iverson,53,,2013
Arsalan Kazemi,54,,2013
Joffrey Lauvergne,55,13.6,2013
Peyton Siva,56,9.3,2013
Alex Oriakhi,57,,2013
Deshaun Thomas,58,,2013
Bojan DubljeviÄ,59,,2013
JÄnis Timma,60,,2013
Andrew Wiggins,1,33.8,2014
Jabari Parker,2,27.5,2014
Joel Embiid,3,31.9,2014
Aaron Gordon,4,29.3,2014
Dante Exum,5,18.8,2014
Marcus Smart,6,29.5,2014
Julius Randle,7,32.0,2014
Nik Stauskas,8,19.5,2014
Noah Vonleh,9,16.2,2014
Elfrid Payton,10,26.5,2014
Doug McDermott,11,19.5,2014
Dario Å ariÄ,12,22.5,2014
Zach LaVine,13,32.8,2014
T.J. Warren,14,26.9,2014
Adreian Payne,15,13.1,2014
Jusuf NurkiÄ,16,24.3,2014
James Young,17,8.5,2014
Tyler Ennis,18,12.6,2014
Gary Harris,19,27.0,2014
Bruno Caboclo,20,12.3,2014
Mitch McGary,21,10.7,2014
Jordan Adams,22,8.2,2014
Rodney Hood,23,24.5,2014
Shabazz Napier,24,17.4,2014
Clint Capela,25,26.2,2014
P.J. Hairston,26,18.0,2014
Bogdan BogdanoviÄ,27,28.4,2014
C.J. Wilcox,28,5.7,2014
Josh Huestis,29,14.1,2014
Kyle Anderson,30,21.5,2014
Round 2,,Per Game,2014
Player,Pk,MP,2014
Damien Inglis,31,7.8,2014
K.J. McDaniels,32,14.1,2014
Joe Harris,33,24.4,2014
Cleanthony Early,34,14.3,2014
Jarnell Stokes,35,5.4,2014
Johnny O'Bryant,36,11.5,2014
DeAndre Daniels,37,,2014
Spencer Dinwiddie,38,27.7,2014
Jerami Grant,39,27.9,2014
Glenn Robinson III,40,17.4,2014
Nikola JokiÄ,41,31.7,2014
Nick Johnson,42,9.4,2014
Edy Tavares,43,7.8,2014
Markel Brown,44,15.9,2014
Dwight Powell,45,17.8,2014
Jordan Clarkson,46,27.7,2014
Russ Smith,47,4.9,2014
Lamar Patterson,48,10.9,2014
Cameron Bairstow,49,4.6,2014
Alec Brown,50,,2014
Thanasis Antetokounmpo,51,7.7,2014
Vasilije MiciÄ,52,19.4,2014
Alessandro Gentile,53,,2014
Nemanja DangubiÄ,54,,2014
Semaj Christon,55,15.2,2014
Devyn Marble,56,10.4,2014
Louis Labeyrie,57,,2014
Jordan McRae,58,13.8,2014
Xavier Thames,59,,2014
Cory Jefferson,60,10.0,2014
Karl-Anthony Towns,1,34.1,2015
D'Angelo Russell,2,29.8,2015
Jahlil Okafor,3,19.5,2015
Kristaps PorziÅÄ£is,4,30.8,2015
Mario Hezonja,5,18.5,2015
Willie Cauley-Stein,6,22.0,2015
Emmanuel Mudiay,7,23.8,2015
Stanley Johnson,8,19.8,2015
Frank Kaminsky,9,19.8,2015
Justise Winslow,10,25.9,2015
Myles Turner,11,28.7,2015
Trey Lyles,12,18.4,2015
Devin Booker,13,34.4,2015
Cameron Payne,14,17.5,2015
Kelly Oubre Jr.,15,27.1,2015
Terry Rozier,16,27.6,2015
Rashad Vaughn,17,12.0,2015
Sam Dekker,18,15.4,2015
Jerian Grant,19,17.9,2015
Delon Wright,20,20.4,2015
Justin Anderson,21,13.6,2015
Bobby Portis,22,22.8,2015
Rondae Hollis-Jefferson,23,22.2,2015
Tyus Jones,24,21.1,2015
Jarell Martin,25,15.9,2015
Nikola Milutinov,26,,2015
Larry Nance Jr.,27,23.1,2015
R.J. Hunter,28,8.8,2015
Chris McCullough,29,9.0,2015
Kevon Looney,30,17.2,2015
Round 2,,Per Game,2015
Player,Pk,MP,2015
Cedi Osman,31,22.7,2015
Montrezl Harrell,32,20.5,2015
Jordan Mickey,33,7.5,2015
Anthony Brown,34,18.6,2015
Willy HernangÃ³mez,35,15.0,2015
Rakeem Christmas,36,7.5,2015
Richaun Holmes,37,19.1,2015
Darrun Hilliard,38,9.4,2015
Juan Pablo Vaulet,39,,2015
Josh Richardson,40,28.5,2015
Pat Connaughton,41,19.2,2015
Olivier Hanlan,42,,2015
Joe Young,43,8.5,2015
Andrew Harrison,44,20.6,2015
Marcus Thornton,45,,2015
Norman Powell,46,24.2,2015
ArtÅ«ras Gudaitis,47,,2015
Dakari Johnson,48,5.2,2015
Aaron White,49,,2015
Marcus Eriksson,50,,2015
Tyler Harvey,51,,2015
Satnam Singh,52,,2015
Sir'Dominic Pointer,53,,2015
Dani DÃ­ez,54,,2015
Cady Lalanne,55,,2015
Branden Dawson,56,4.8,2015
Nikola RadiÄeviÄ,57,,2015
J.P. Tokoto,58,,2015
Dimitrios Agravanis,59,,2015
Luka MitroviÄ,60,,2015
Ben Simmons,1,31.1,2016
Brandon Ingram,2,33.0,2016
Jaylen Brown,3,30.6,2016
Dragan Bender,4,20.1,2016
Kris Dunn,5,23.3,2016
Buddy Hield,6,28.3,2016
Jamal Murray,7,31.3,2016
Marquese Chriss,8,18.3,2016
Jakob Poeltl,9,22.4,2016
Thon Maker,10,13.8,2016
Domantas Sabonis,11,30.8,2016
Taurean Prince,12,24.7,2016
Georgios Papagiannis,13,12.2,2016
Denzel Valentine,14,18.8,2016
Juancho HernangÃ³mez,15,15.5,2016
Guerschon Yabusele,16,16.5,2016
Wade Baldwin,17,10.3,2016
Henry Ellenson,18,9.5,2016
Malik Beasley,19,23.8,2016
Caris LeVert,20,27.8,2016
DeAndre' Bembry,21,19.2,2016
Malachi Richardson,22,8.9,2016
Ante Å½iÅ¾iÄ,23,13.4,2016
TimothÃ© Luwawu-Cabarrot,24,16.0,2016
Brice Johnson,25,5.1,2016
Furkan Korkmaz,26,16.6,2016
Pascal Siakam,27,31.2,2016
Skal LabissiÃ¨re,28,17.2,2016
Dejounte Murray,29,29.3,2016
Damian Jones,30,13.6,2016
Round 2,,Per Game,2016
Player,Pk,MP,2016
Deyonta Davis,31,12.1,2016
Ivica Zubac,32,23.0,2016
Cheick Diallo,33,11.9,2016
Tyler Ulis,34,20.9,2016
Rade Zagorac,35,,2016
Malcolm Brogdon,36,29.1,2016
Chinanu Onuaku,37,12.3,2016
Patrick McCaw,38,16.9,2016
David Michineau,39,,2016
Diamond Stone,40,3.4,2016
Stephen Zimmerman,41,5.7,2016
Isaiah Whitehead,42,20.5,2016
Zhou Qi,43,6.6,2016
IsaÃ¯a Cordinier,44,,2016
Demetrius Jackson,45,5.2,2016
A.J. Hammons,46,7.4,2016
Jake Layman,47,12.8,2016
Paul Zipser,48,17.0,2016
Michael Gbinije,49,3.6,2016
Georges Niang,50,17.5,2016
Ben Bentil,51,3.3,2016
Joel Bolomboy,52,5.1,2016
Petr Cornelie,53,2.9,2016
Kay Felder,54,9.1,2016
Marcus Paige,55,5.6,2016
Daniel Hamilton,56,9.3,2016
Wang Zhelin,57,,2016
Abdel Nader,58,12.8,2016
Isaiah Cousins,59,,2016
Tyrone Wallace,60,15.3,2016
Markelle Fultz,1,24.0,2017
Lonzo Ball,2,31.2,2017
Jayson Tatum,3,34.5,2017
Josh Jackson,4,23.1,2017
De'Aaron Fox,5,33.3,2017
Jonathan Isaac,6,20.4,2017
Lauri Markkanen,7,31.0,2017
Frank Ntilikina,8,17.0,2017
Dennis Smith Jr.,9,23.3,2017
Zach Collins,10,18.9,2017
Malik Monk,11,22.8,2017
Luke Kennard,12,23.4,2017
Donovan Mitchell,13,33.8,2017
Bam Adebayo,14,30.6,2017
Justin Jackson,15,17.5,2017
Justin Patton,16,13.5,2017
D.J. Wilson,17,12.3,2017
T.J. Leaf,18,8.5,2017
John Collins,19,29.1,2017
Harry Giles,20,11.7,2017
Terrance Ferguson,21,19.6,2017
Jarrett Allen,22,28.2,2017
OG Anunoby,23,30.2,2017
Tyler Lydon,24,3.7,2017
AnÅ¾ejs PaseÄÅiks,25,15.8,2017
Caleb Swanigan,26,8.7,2017
Kyle Kuzma,27,31.2,2017
Tony Bradley,28,10.9,2017
Derrick White,29,28.5,2017
Josh Hart,30,30.4,2017
Round 2,,Per Game,2017
Player,Pk,MP,2017
Frank Jackson,31,18.1,2017
Davon Reed,32,10.6,2017
Wes Iwundu,33,16.9,2017
Frank Mason III,34,15.7,2017
Ivan Rabb,35,14.6,2017
Jonah Bolden,36,13.5,2017
Semi Ojeleye,37,14.5,2017
Jordan Bell,38,12.0,2017
Jawun Evans,39,15.1,2017
Dwayne Bacon,40,19.4,2017
Tyler Dorsey,41,15.7,2017
Thomas Bryant,42,17.7,2017
Isaiah Hartenstein,43,19.5,2017
Damyean Dotson,44,19.9,2017
Dillon Brooks,45,29.5,2017
Sterling Brown,46,16.6,2017
Ike Anigbogu,47,2.6,2017
Sindarius Thornwell,48,10.8,2017
Vlatko ÄanÄar,49,10.7,2017
Mathias Lessort,50,,2017
Monte Morris,51,23.4,2017
Edmond Sumner,52,14.0,2017
Kadeem Allen,53,13.6,2017
Alec Peters,54,11.3,2017
Nigel Williams-Goss,55,5.0,2017
Jabari Bird,56,8.8,2017
Sasha Vezenkov,57,12.2,2017
Ognjen Jaramaz,58,,2017
Jaron Blossomgame,59,16.3,2017
Alpha Kaba,60,,2017
Deandre Ayton,1,30.8,2018
Marvin Bagley III,2,22.4,2018
Luka DonÄiÄ,3,34.9,2018
Jaren Jackson Jr.,4,28.6,2018
Trae Young,5,34.4,2018
Mo Bamba,6,16.8,2018
Wendell Carter Jr.,7,27.3,2018
Collin Sexton,8,29.9,2018
Kevin Knox,9,17.5,2018
Mikal Bridges,10,33.3,2018
Shai Gilgeous-Alexander,11,33.1,2018
Miles Bridges,12,30.8,2018
Jerome Robinson,13,12.5,2018
Michael Porter Jr.,14,29.1,2018
Troy Brown Jr.,15,19.0,2018
Zhaire Smith,16,11.0,2018
Donte DiVincenzo,17,25.5,2018
Lonnie Walker IV,18,20.5,2018
Kevin Huerter,19,28.1,2018
Josh Okogie,20,19.1,2018
Grayson Allen,21,25.4,2018
Chandler Hutchison,22,17.4,2018
Aaron Holiday,23,16.4,2018
Anfernee Simons,24,26.8,2018
Moritz Wagner,25,16.7,2018
Landry Shamet,26,21.1,2018
Robert Williams,27,20.2,2018
Jacob Evans,28,10.5,2018
DÅ¾anan Musa,29,10.7,2018
Omari Spellman,30,17.8,2018
Round 2,,Per Game,2018
Player,Pk,MP,2018
Elie Okobo,31,15.5,2018
Jevon Carter,32,15.2,2018
Jalen Brunson,33,29.2,2018
Devonte' Graham,34,24.9,2018
Melvin Frazier,35,9.1,2018
Mitchell Robinson,36,24.1,2018
Gary Trent Jr.,37,28.2,2018
Khyri Thomas,38,10.5,2018
Isaac Bonga,39,13.1,2018
Rodions Kurucs,40,16.1,2018
Jarred Vanderbilt,41,20.0,2018
Bruce Brown,42,24.9,2018
Justin Jackson,43,,2018
Issuf Sanon,44,,2018
Hamidou Diallo,45,18.6,2018
De'Anthony Melton,46,22.9,2018
Svi Mykhailiuk,47,16.3,2018
Keita Bates-Diop,48,16.1,2018
Chimezie Metu,49,13.7,2018
Alize Johnson,50,7.5,2018
Tony Carr,51,,2018
Vince Edwards,52,8.0,2018
Devon Hall,53,7.4,2018
Shake Milton,54,18.7,2018
Arnoldas Kulboka,55,2.5,2018
Ray Spalding,56,10.4,2018
Kevin Hervey,57,5.2,2018
Thomas Welsh,58,3.3,2018
George King,59,5.0,2018
Kostas Antetokounmpo,60,4.0,2018
Zion Williamson,1,31.4,2019
Ja Morant,2,31.9,2019
RJ Barrett,3,33.1,2019
De'Andre Hunter,4,30.0,2019
Darius Garland,5,33.2,2019
Jarrett Culver,6,17.2,2019
Coby White,7,29.8,2019
Jaxson Hayes,8,16.4,2019
Rui Hachimura,9,27.7,2019
Cam Reddish,10,23.1,2019
Cameron Johnson,11,26.5,2019
P.J. Washington,12,30.6,2019
Tyler Herro,13,32.6,2019
Romeo Langford,14,16.1,2019
Sekou Doumbouya,15,17.1,2019
Chuma Okeke,16,20.3,2019
Nickeil Alexander-Walker,17,20.8,2019
Goga Bitadze,18,14.4,2019
Luka Å amaniÄ,19,10.7,2019
Matisse Thybulle,20,20.9,2019
Brandon Clarke,21,20.8,2019
Grant Williams,22,22.9,2019
Darius Bazley,23,23.4,2019
Ty Jerome,24,18.1,2019
Nassir Little,25,15.8,2019
Dylan Windler,26,10.8,2019
Mfiondu Kabengele,27,6.9,2019
Jordan Poole,28,27.5,2019
Keldon Johnson,29,28.6,2019
Kevin Porter Jr.,30,27.3,2019
Round 2,,Per Game,2019
Player,Pk,MP,2019
Nic Claxton,31,25.8,2019
KZ Okpala,32,9.8,2019
Carsen Edwards,33,9.8,2019
Bruno Fernando,34,10.6,2019
Didi Louzada,35,15.4,2019
Cody Martin,36,21.9,2019
Deividas Sirvydis,37,7.0,2019
Daniel Gafford,38,19.8,2019
Alen SmailagiÄ,39,7.7,2019
Justin James,40,7.5,2019
Eric Paschall,41,19.5,2019
Admiral Schofield,42,10.5,2019
Jaylen Nowell,43,17.2,2019
Bol Bol,44,13.6,2019
Isaiah Roby,45,18.9,2019
Talen Horton-Tucker,46,19.5,2019
Ignas Brazdeikis,47,13.1,2019
Terance Mann,48,22.1,2019
Quinndary Weatherspoon,49,6.5,2019
Jarrell Brantley,50,6.7,2019
Tremont Waters,51,10.2,2019
Jalen McDaniels,52,18.1,2019
Justin Wright-Foreman,53,11.3,2019
Marial Shayok,54,7.0,2019
Kyle Guy,55,8.1,2019
Jaylen Hands,56,,2019
Jordan Bone,57,10.4,2019
Miye Oni,58,8.4,2019
Dewan Hernandez,59,4.7,2019
Vanja MarinkoviÄ,60,,2019
Anthony Edwards,1,34.8,2020
James Wiseman,2,18.9,2020
LaMelo Ball,3,31.9,2020
Patrick Williams,4,27.1,2020
Isaac Okoro,5,26.2,2020
Onyeka Okongwu,6,22.5,2020
Killian Hayes,7,26.1,2020
Obi Toppin,8,17.2,2020
Deni Avdija,9,27.0,2020
Jalen Smith,10,16.1,2020
Devin Vassell,11,27.7,2020
Tyrese Haliburton,12,33.0,2020
Kira Lewis Jr.,13,13.3,2020
Aaron Nesmith,14,21.4,2020
Cole Anthony,15,24.8,2020
Isaiah Stewart,16,24.6,2020
Aleksej Pokusevski,17,20.4,2020
Josh Green,18,22.0,2020
Saddiq Bey,19,30.2,2020
Precious Achiuwa,20,20.0,2020
Tyrese Maxey,21,32.0,2020
Zeke Nnaji,22,12.0,2020
Leandro Bolmaro,23,6.3,2020
R.J. Hampton,24,18.3,2020
Immanuel Quickley,25,25.6,2020
Payton Pritchard,26,20.2,2020
Udoka Azubuike,27,8.6,2020
Jaden McDaniels,28,28.5,2020
Malachi Flynn,29,14.2,2020
Desmond Bane,30,29.6,2020
Round 2,,Per Game,2020
Player,Pk,MP,2020
Tyrell Terry,31,4.5,2020
Vernon Carey Jr.,32,5.1,2020
Daniel Oturu,33,5.7,2020
ThÃ©o Maledon,34,21.2,2020
Xavier Tillman Sr.,35,16.0,2020
Tyler Bey,36,3.9,2020
Vit Krejci,37,18.5,2020
Saben Lee,38,14.5,2020
Elijah Hughes,39,9.2,2020
Robert Woodard II,40,3.5,2020
Tre Jones,41,21.7,2020
Nick Richards,42,18.1,2020
Jahmi'us Ramsey,43,8.9,2020
Marko Simonovic,44,3.4,2020
Jordan Nwora,45,16.3,2020
CJ Elleby,46,15.5,2020
Yam Madar,47,,2020
Nico Mannion,48,12.1,2020
Isaiah Joe,49,16.9,2020
Skylar Mays,50,10.6,2020
Justinian Jessup,51,,2020
KJ Martin,52,21.6,2020
Cassius Winston,53,4.7,2020
Cassius Stanley,54,7.5,2020
Jay Scrubb,55,9.8,2020
Grant Riller,56,3.9,2020
Reggie Perry,57,11.1,2020
Paul Reed,58,12.5,2020
Jalen Harris,59,13.2,2020
Sam Merrill,60,16.3,2020
Cade Cunningham,1,33.7,2021
Jalen Green,2,32.7,2021
Evan Mobley,3,32.5,2021
Scottie Barnes,4,34.5,2021
Jalen Suggs,5,26.4,2021
Josh Giddey,6,29.3,2021
Jonathan Kuminga,7,22.0,2021
Franz Wagner,8,32.3,2021
Davion Mitchell,9,22.1,2021
Ziaire Williams,10,21.1,2021
James Bouknight,11,11.4,2021
Joshua Primo,12,19.1,2021
Chris Duarte,13,18.3,2021
Moses Moody,14,16.6,2021
Corey Kispert,15,25.9,2021
Alperen ÅengÃ¼n,16,28.3,2021
Trey Murphy III,17,27.3,2021
Tre Mann,18,21.3,2021
Kai Jones,19,10.1,2021
Jalen Johnson,20,23.6,2021
Keon Johnson,21,19.2,2021
Isaiah Jackson,22,15.0,2021
Usman Garuba,23,11.7,2021
Josh Christopher,24,14.4,2021
Quentin Grimes,25,24.5,2021
Bones Hyland,26,17.1,2021
Cam Thomas,27,23.2,2021
Jaden Springer,28,8.8,2021
Day'Ron Sharpe,29,14.5,2021
Santi Aldama,30,22.6,2021
Round 2,,Per Game,2021
Player,Pk,MP,2021
Isaiah Todd,31,7.5,2021
Jeremiah Robinson-Earl,32,17.6,2021
Jason Preston,33,9.3,2021
Rokas Jokubaitis,34,,2021
Herbert Jones,35,30.2,2021
Miles McBride,36,17.2,2021
JT Thor,37,12.2,2021
Ayo Dosunmu,38,28.0,2021
Neemias Queta,39,12.2,2021
Jared Butler,40,13.8,2021
Joe Wieskamp,41,6.7,2021
Isaiah Livers,42,21.8,2021
Greg Brown III,43,11.0,2021
Kessler Edwards,44,12.7,2021
Juhann Begarin,45,,2021
Dalano Banton,46,14.5,2021
David Johnson,47,1.0,2021
Sharife Cooper,48,3.0,2021
Marcus Zegarowski,49,,2021
Filip PetruÅ¡ev,50,3.3,2021
Brandon Boston Jr.,51,16.0,2021
Luka Garza,52,7.8,2021
Charles Bassey,53,11.1,2021
Sandro Mamukelashvili,54,11.5,2021
Aaron Wiggins,55,20.0,2021
Scottie Lewis,56,3.5,2021
BalÅ¡a Koprivica,57,,2021
Jericho Sims,58,13.5,2021
RaiQuan Gray,59,18.5,2021
Georgios Kalaitzakis,60,16.4,2021
Paolo Banchero,1,34.4,2022
Chet Holmgren,2,28.9,2022
Jabari Smith Jr.,3,31.1,2022
Keegan Murray,4,32.5,2022
Jaden Ivey,5,29.9,2022
Bennedict Mathurin,6,28.3,2022
Shaedon Sharpe,7,27.7,2022
Dyson Daniels,8,25.4,2022
Jeremy Sochan,9,27.3,2022
Johnny Davis,10,11.4,2022
Ousmane Dieng,11,12.3,2022
Jalen Williams,12,31.3,2022
Jalen Duren,13,26.6,2022
Ochai Agbaji,14,22.8,2022
Mark Williams,15,23.7,2022
AJ Griffin,16,17.1,2022
Tari Eason,17,22.8,2022
Dalen Terry,18,11.1,2022
Jake LaRavia,19,18.9,2022
Malaki Branham,20,19.0,2022
Christian Braun,21,23.3,2022
Walker Kessler,22,25.2,2022
David Roddy,23,16.9,2022
MarJon Beauchamp,24,10.9,2022
Blake Wesley,25,14.3,2022
Wendell Moore Jr.,26,8.1,2022
Nikola JoviÄ,27,21.1,2022
Patrick Baldwin Jr.,28,8.9,2022
TyTy Washington Jr.,29,10.5,2022
Peyton Watson,30,19.5,2022
Round 2,,Per Game,2022
Player,Pk,MP,2022
Andrew Nembhard,31,27.2,2022
Caleb Houstan,32,14.4,2022
Christian Koloko,33,12.0,2022
Jaylin Williams,34,15.7,2022
Max Christie,35,19.3,2022
Gabriele Procida,36,,2022
Jaden Hardy,37,14.6,2022
Kennedy Chandler,38,7.8,2022
Khalifa Diop,39,,2022
Bryce McGowens,40,14.4,2022
E.J. Liddell,41,3.8,2022
Trevor Keels,42,2.7,2022
Moussa DiabatÃ©,43,14.4,2022
Ryan Rollins,44,11.9,2022
Josh Minott,45,5.0,2022
Ismael Kamagate,46,,2022
Vince Williams Jr.,47,21.7,2022
Kendall Brown,48,4.9,2022
Isaiah Mobley,49,7.5,2022
Matteo Spagnolo,50,,2022
Tyrese Martin,51,18.2,2022
Karlo MatkoviÄ,52,18.8,2022
JD Davison,53,5.5,2022
Yannick Nzosa,54,,2022
Gui Santos,55,12.1,2022
Luke Travers,56,7.3,2022
Jabari Walker,57,16.3,2022
Hugo Besson,58,,2022
Victor Wembanyama,1,31.1,2023
Brandon Miller,2,32.7,2023
Scoot Henderson,3,27.5,2023
Amen Thompson,4,27.6,2023
Ausar Thompson,5,23.9,2023
Anthony Black,6,20.8,2023
Bilal Coulibaly,7,30.0,2023
Jarace Walker,8,14.1,2023
Taylor Hendricks,9,21.7,2023
Cason Wallace,10,23.8,2023
Jett Howard,11,9.8,2023
Dereck Lively II,12,23.4,2023
Gradey Dick,13,25.0,2023
Jordan Hawkins,14,20.2,2023
Kobe Bufkin,15,11.9,2023
Keyonte George,16,29.1,2023
Jalen Hood-Schifino,17,11.8,2023
Jaime Jaquez Jr.,18,24.7,2023
Brandin Podziemski,19,26.7,2023
Cam Whitmore,20,17.4,2023
Noah Clowney,21,20.5,2023
Dariq Whitehead,22,12.3,2023
Kris Murray,23,18.2,2023
Olivier-Maxence Prosper,24,10.0,2023
Marcus Sasser,25,16.9,2023
Ben Sheppard,26,17.0,2023
Nick Smith Jr.,27,18.9,2023
Brice Sensabaugh,28,19.6,2023
Julian Strawther,29,16.8,2023
Kobe Brown,30,7.9,2023
Round 2,,Per Game,2023
Player,Pk,MP,2023
James Nnaji,31,,2023
Jalen Pickett,32,10.4,2023
Leonard Miller,33,2.8,2023
Colby Jones,34,10.2,2023
Julian Phillips,35,12.2,2023
Andre Jackson Jr.,36,12.5,2023
Hunter Tyson,37,6.5,2023
Jordan Walsh,38,8.0,2023
Mouhamed Gueye,39,15.5,2023
Maxwell Lewis,40,6.9,2023
Amari Bailey,41,6.5,2023
Tristan Vukcevic,42,14.8,2023
Rayan Rupert,43,12.0,2023
Sidy Cissoko,44,7.5,2023
GG Jackson II,45,22.0,2023
Seth Lundy,46,5.8,2023
Mojave King,47,,2023
Jordan Miller,48,10.0,2023
Emoni Bates,49,8.3,2023
Keyontae Johnson,50,7.3,2023
Jalen Wilson,51,22.1,2023
Toumani Camara,52,29.0,2023
Jaylen Clark,53,13.1,2023
Jalen Slawson,54,3.1,2023
Isaiah Wong,55,12.8,2023
Tarik Biberovic,56,,2023
Trayce Jackson-Davis,57,16.1,2023
Chris Livingston,58,4.7,2023
Zaccharie Risacher,1,24.6,2024
Alex Sarr,2,27.1,2024
Reed Sheppard,3,12.6,2024
Stephon Castle,4,26.7,2024
Ron Holland,5,15.6,2024
Tidjane SalaÃ¼n,6,20.7,2024
Donovan Clingan,7,19.8,2024
Rob Dillingham,8,10.5,2024
Zach Edey,9,21.5,2024
Cody Williams,10,21.2,2024
Matas Buzelis,11,18.9,2024
Nikola TopiÄ,12,,2024
Devin Carter,13,11.0,2024
Bub Carrington,14,30.0,2024
Kel'el Ware,15,22.2,2024
Jared McCain,16,25.7,2024
Dalton Knecht,17,19.2,2024
Tristan Da Silva,18,22.0,2024
Ja'Kobe Walter,19,21.2,2024
Jaylon Tyson,20,9.6,2024
Yves Missi,21,26.8,2024
DaRon Holmes,22,,2024
AJ Johnson,23,22.0,2024
Kyshawn George,24,26.5,2024
Pacome Dadiet,25,6.2,2024
Dillon Jones,26,10.2,2024
Terrence Shannon Jr.,27,10.6,2024
Ryan Dunn,28,19.1,2024
Isaiah Collier,29,25.9,2024
Baylor Scheierman,30,12.4,2024
Round 2,,Per Game,2024
Player,Pk,MP,2024
Jonathan Mogbo,31,20.4,2024
Kyle Filipowski,32,21.1,2024
Tyler Smith,33,5.3,2024
Tyler Kolek,34,7.2,2024
Johnny Furphy,35,7.6,2024
Juan Nunez,36,,2024
Bobi Klintman,37,5.3,2024
Ajay Mitchell,38,16.6,2024
Jaylen Wells,39,25.9,2024
Oso Ighodaro,40,17.1,2024
Adem Bona,41,15.6,2024
KJ Simpson,42,23.4,2024
Nikola Djurisic,43,,2024
Pelle Larsson,44,14.2,2024
Jamal Shead,45,19.6,2024
Cam Christie,46,4.5,2024
Antonio Reeves,47,15.0,2024
Harrison Ingram,48,7.0,2024
Tristen Newton,49,2.0,2024
Enrique Freeman,50,8.2,2024
Melvin AjinÃ§a,51,,2024
Quinten Post,52,16.3,2024
Cam Spencer,53,10.1,2024
Anton Watson,54,2.4,2024
Bronny James,55,6.7,2024
Kevin McCullar Jr.,56,7.3,2024
Ulrich Chomche,57,4.6,2024
Ariel Hukporti,58,8.7,2024
